{
  "yaw": 4.71238898038469,
  "pitch": -1.1535535524900022,
  "clearChestBlock": [553, 7, -725],
  "putChestBlock": [549, 9, -726],
  "target": "продажа"
}